MAE,R2 Score
2485.7480718720844,0.8691171037565686
