MAE,R2 Score
2444.2760507088274,0.8711537194871536
