MAE,R2 Score
2643.1366767313943,0.8413943335525023
