MAE,R2 Score
2772.9896094478777,0.8330174121852828
